name,datetime,tempmax,tempmin,temp,feelslikemax,feelslikemin,feelslike,dew,humidity,precip,precipprob,precipcover,preciptype,snow,snowdepth,windgust,windspeed,winddir,sealevelpressure,cloudcover,visibility,solarradiation,solarenergy,uvindex,severerisk,sunrise,sunset,moonphase,conditions,description,icon,stations
Eminence Indiana,2018-07-21,76,67.6,71.1,76,67.6,71.1,66.6,85.93,0.49,,25,,0,0,25.5,16,267.7,1006.6,75.1,8.8,244.3,13.2,9,,2018-07-21T06:36:33,2018-07-21T21:08:59,0.34,"Rain, Partially cloudy",Partly cloudy throughout the day with rain.,rain,"KBMG,KEYE,72437503893,E3781,KIND,72438093819,72438453842,AS046"
Eminence Indiana,2018-07-22,79.7,67.9,72.1,79.7,67.9,72.1,67.4,85.68,0.17,,41.67,,0,0,,13,198,1007.4,81.7,8.7,292.6,14.7,7,,2018-07-22T06:37:23,2018-07-22T21:08:13,0.38,"Rain, Partially cloudy",Partly cloudy throughout the day with rain.,rain,"KBMG,KEYE,72437503893,E3781,KIND,72438093819,72438453842,AS046"
Eminence Indiana,2018-07-23,77.3,62.9,70.5,77.3,62.9,70.5,63,77.65,0,,4.17,,0,0,,8.4,245.6,1012.2,77.6,9.7,216.7,11.7,7,,2018-07-23T06:38:13,2018-07-23T21:07:26,0.42,Partially cloudy,Partly cloudy throughout the day.,partly-cloudy-day,"KBMG,KEYE,72437503893,E3781,KIND,72438093819,72438453842,AS046"
Eminence Indiana,2018-07-24,84.5,64.1,74.5,87.2,64.1,75.2,65.5,75.68,0,,0,,0,0,19.7,12.1,327.5,1014.6,45.4,8.4,467.5,25.2,9,,2018-07-24T06:39:04,2018-07-24T21:06:37,0.45,Partially cloudy,Partly cloudy throughout the day.,partly-cloudy-day,"KBMG,KEYE,72437503893,E3781,KIND,72438093819,72438453842,AS046"
Eminence Indiana,2018-07-25,85.6,67.2,76.6,87.7,67.2,77.2,64.9,69.31,0,,0,,0,0,19.7,11.3,315,1014.9,32.1,9.2,488.8,29.9,10,,2018-07-25T06:39:55,2018-07-25T21:05:46,0.48,Partially cloudy,Partly cloudy throughout the day.,partly-cloudy-day,"KBMG,KEYE,72437503893,E3781,KIND,72438093819,72438453842,AS046"
