name,datetime,tempmax,tempmin,temp,feelslikemax,feelslikemin,feelslike,dew,humidity,precip,precipprob,precipcover,preciptype,snow,snowdepth,windgust,windspeed,winddir,sealevelpressure,cloudcover,visibility,solarradiation,solarenergy,uvindex,severerisk,sunrise,sunset,moonphase,conditions,description,icon,stations
Eminence Indiana,2016-07-21,89,72.7,81.2,99.2,72.7,85.8,73.3,77.87,0,,0,,0,0,,8.9,197.7,1019.5,25,9,,,,,2016-07-21T06:36:57,2016-07-21T21:08:37,0.52,Partially cloudy,Partly cloudy throughout the day.,partly-cloudy-day,"KBMG,KEYE,72437503893,KIND,72438093819,72438453842"
Eminence Indiana,2016-07-22,88.4,77.4,81.5,94.8,77.4,83.7,72.1,74.28,0,,4.17,,0,0,,11,275.2,1016.2,42.4,9.5,,,,,2016-07-22T06:37:47,2016-07-22T21:07:50,0.54,Partially cloudy,Partly cloudy throughout the day.,partly-cloudy-day,"KBMG,KEYE,72437503893,KIND,72438093819,72438453842"
Eminence Indiana,2016-07-23,90.5,72.4,81.4,100.5,72.4,85.7,72.5,75.62,0,,0,,0,0,,6.2,181.7,1015.2,36.7,8.6,,,,,2016-07-23T06:38:38,2016-07-23T21:07:02,0.57,Partially cloudy,Partly cloudy throughout the day.,partly-cloudy-day,"KBMG,KEYE,72437503893,KIND,72438093819,72438453842"
Eminence Indiana,2016-07-24,91.6,76.1,83.4,102.3,76.1,89.1,73.8,73.92,0,,0,,0,0,17.2,11,170.2,1014.5,40.9,9,,,,,2016-07-24T06:39:29,2016-07-24T21:06:12,0.62,Partially cloudy,Partly cloudy throughout the day.,partly-cloudy-day,"KBMG,KEYE,72437503893,KIND,72438093819,72438453842"
Eminence Indiana,2016-07-25,87.8,72.3,80.8,94.5,72.3,83.5,70.5,71.86,0.01,,8.33,,0,0,19.7,8.2,279,1015.1,41.4,9.9,,,,,2016-07-25T06:40:20,2016-07-25T21:05:21,0.67,"Rain, Partially cloudy",Partly cloudy throughout the day with rain.,rain,"KBMG,KEYE,72437503893,KIND,72438093819,72438453842"
